frame,timestamp,fps,num_tracks,track_ids
1,14:23:55,25.15,0,
2,14:23:56,0.21,0,
3,14:23:56,7.45,13,1;2;3;4;5;6;7;8;9;10;11;12;13
4,14:23:56,13.63,14,1;2;3;4;5;6;7;8;9;10;11;12;13;14
5,14:23:56,8.88,13,1;2;3;4;5;6;7;8;9;10;11;12;13
6,14:23:56,11.10,13,1;2;3;4;5;6;7;8;9;10;11;12;13
7,14:23:56,10.05,14,1;2;3;4;5;6;7;8;9;10;11;12;13;15
8,14:23:56,10.69,13,1;2;3;4;5;6;7;8;9;10;11;12;13
9,14:23:56,10.56,13,1;2;3;4;5;6;7;8;9;10;11;12;13
10,14:23:57,7.56,13,1;2;3;4;5;6;7;8;9;10;11;12;13
11,14:23:57,9.45,12,1;2;3;4;5;6;7;8;9;10;11;13
12,14:23:57,10.54,12,1;2;3;4;5;6;7;8;9;10;11;13
13,14:23:57,9.35,12,1;2;3;4;5;6;7;8;9;10;11;13
14,14:23:57,10.86,13,1;2;3;4;5;6;7;8;9;10;11;12;13
15,14:23:57,15.45,13,1;2;3;4;5;6;7;8;9;10;11;12;13
16,14:23:57,16.77,13,1;2;3;4;5;6;7;8;9;10;11;12;13
17,14:23:57,11.18,13,1;2;3;4;5;6;7;8;9;10;11;12;13
18,14:23:57,10.85,13,1;2;3;4;5;6;7;8;9;10;11;12;13
19,14:23:57,10.72,13,1;2;3;4;5;6;7;8;9;10;11;12;13
20,14:23:57,7.06,13,1;2;3;4;5;6;7;8;9;10;11;12;13
21,14:23:58,8.61,13,1;2;3;4;5;6;7;8;9;10;11;12;13
22,14:23:58,7.88,13,1;2;3;4;5;6;7;8;9;10;11;12;13
23,14:23:58,9.53,13,1;2;3;4;5;6;7;8;9;10;11;12;13
24,14:23:58,13.86,13,1;2;3;4;5;6;7;8;9;10;11;12;13
25,14:23:58,8.85,14,1;2;3;4;5;6;7;8;9;10;11;12;13;14
26,14:23:58,14.21,14,1;2;3;4;5;6;7;8;9;10;11;12;13;14
27,14:23:58,14.82,13,1;2;3;4;5;6;7;8;9;10;11;12;13
28,14:23:58,10.61,13,1;2;3;4;5;6;7;8;9;10;11;12;13
29,14:23:58,8.71,13,1;2;3;4;5;6;7;8;9;10;11;12;13
30,14:23:58,8.31,13,1;2;3;4;5;6;7;8;9;10;11;12;13
31,14:23:59,8.79,13,1;2;3;4;5;6;7;8;9;10;11;12;13
32,14:23:59,8.86,12,1;2;3;4;5;6;8;9;10;11;12;13
33,14:23:59,9.74,12,1;2;3;4;5;6;8;9;10;11;12;13
34,14:23:59,10.57,13,1;2;3;4;5;6;8;9;10;11;12;13;14
35,14:23:59,10.31,12,1;2;3;4;5;6;8;9;10;11;12;13
36,14:23:59,10.12,13,1;2;3;4;5;6;8;9;10;11;12;13;14
37,14:23:59,10.22,12,1;2;3;4;5;6;8;9;10;11;13;14
38,14:23:59,7.29,12,1;2;3;4;5;6;8;9;10;11;13;14
39,14:23:59,11.23,13,1;2;3;4;5;6;8;9;10;11;12;13;14
40,14:24:00,8.61,13,1;2;3;4;5;6;8;9;10;11;12;13;14
41,14:24:00,11.00,13,1;2;3;4;5;6;8;9;10;11;12;13;14
42,14:24:00,11.20,12,1;2;3;4;5;6;8;9;10;11;13;14
43,14:24:00,13.37,13,1;2;3;4;5;6;8;9;10;11;12;13;14
44,14:24:01,0.87,12,1;2;3;4;5;6;8;9;10;11;12;13
45,14:24:01,12.63,12,1;2;3;4;5;6;8;9;10;11;13;17
46,14:24:01,12.24,13,1;2;3;4;5;6;8;9;10;11;12;13;17
47,14:24:01,11.57,13,1;2;3;4;5;6;8;9;10;11;12;13;17
48,14:24:01,8.35,13,1;2;3;4;5;6;8;9;10;11;12;13;17
49,14:24:01,12.04,15,1;2;3;4;5;6;7;8;9;10;11;12;13;17;18
50,14:24:02,7.82,16,1;2;3;4;5;6;7;8;9;10;11;12;13;17;18;19
51,14:24:02,7.02,14,1;2;3;4;5;6;7;8;9;10;11;13;18;19
52,14:24:02,7.59,15,1;2;3;4;5;6;7;8;9;10;11;12;13;18;19
53,14:24:02,11.53,15,1;2;3;4;5;6;7;8;9;10;11;12;13;18;19
54,14:24:02,8.35,14,1;2;3;4;5;6;7;8;9;10;11;13;18;19
55,14:24:02,10.55,14,1;2;3;4;5;6;7;8;9;10;11;13;18;19
56,14:24:02,8.99,15,1;2;3;4;5;6;7;8;9;10;11;12;13;18;19
57,14:24:02,9.49,14,2;3;4;5;6;7;8;9;10;11;12;13;18;19
58,14:24:02,9.30,15,2;3;4;5;6;7;8;9;10;11;12;13;18;19;20
59,14:24:03,6.74,15,2;3;4;5;6;7;8;9;10;11;12;13;14;18;19
60,14:24:03,7.83,14,2;3;4;5;6;7;8;9;10;11;12;13;18;19
61,14:24:03,11.11,15,2;3;4;5;6;7;8;9;10;11;12;13;14;18;19
62,14:24:03,7.77,14,2;3;4;5;6;7;8;9;10;11;13;14;18;19
63,14:24:03,12.62,15,2;3;4;5;6;7;8;9;10;11;12;13;14;18;19
64,14:24:03,9.81,16,2;3;4;5;6;7;8;9;10;11;12;13;14;17;18;19
65,14:24:03,8.69,16,2;3;4;5;6;7;8;9;10;11;12;13;14;17;18;19
66,14:24:03,7.70,16,2;3;4;5;6;7;8;9;10;11;12;13;14;17;18;19
67,14:24:03,8.12,16,2;3;4;5;6;7;8;9;10;11;13;14;17;18;19;21
68,14:24:04,6.59,17,2;3;4;5;6;7;8;9;10;11;12;13;14;17;18;19;21
69,14:24:04,9.67,16,2;3;4;5;6;7;8;9;10;11;13;14;17;18;19;21
70,14:24:04,9.72,17,2;3;4;5;6;7;8;9;10;11;12;13;14;17;18;19;21
71,14:24:04,7.74,18,1;2;3;4;5;6;7;8;9;10;11;12;13;14;17;18;19;21
72,14:24:04,7.90,16,2;3;4;5;6;7;8;9;10;11;13;14;17;18;19;21
73,14:24:04,8.70,17,2;3;4;5;6;7;8;9;10;11;12;13;14;17;18;19;21
74,14:24:04,8.99,16,2;3;4;5;6;7;8;9;10;11;13;14;17;18;19;21
75,14:24:04,12.67,16,2;3;4;5;6;7;8;9;10;11;13;14;17;18;19;21
76,14:24:05,9.94,16,2;3;4;5;7;8;9;10;11;13;14;17;18;19;20;21
77,14:24:05,6.44,17,2;3;4;5;7;8;9;10;11;12;13;14;17;18;19;20;21
78,14:24:05,7.40,15,2;3;4;5;7;8;9;10;11;13;14;17;18;19;20
79,14:24:05,10.46,15,2;3;4;5;7;8;9;10;11;13;14;17;18;19;20
80,14:24:05,7.98,16,2;3;4;5;7;8;9;10;11;13;14;17;18;19;20;26
81,14:24:05,8.25,15,2;3;4;5;7;8;9;10;11;13;14;17;18;19;26
82,14:24:05,8.48,15,2;3;4;5;7;8;9;10;11;13;14;17;18;19;26
83,14:24:05,13.34,15,2;3;4;5;7;8;9;10;11;13;14;17;18;19;26
84,14:24:05,9.16,16,2;3;4;5;7;8;9;10;11;12;13;14;17;18;19;26
85,14:24:06,12.54,15,2;3;4;5;7;8;9;10;11;13;14;17;18;19;26
86,14:24:06,6.74,16,2;3;4;5;7;8;9;10;11;13;14;17;18;19;26;27
87,14:24:06,7.25,15,2;3;4;5;7;8;9;10;11;13;14;17;18;19;26
88,14:24:06,8.30,15,2;3;4;5;7;8;9;10;13;14;17;18;19;26;27
89,14:24:06,8.14,15,2;3;4;5;7;8;9;10;13;14;17;18;19;26;27
90,14:24:06,8.63,15,2;3;4;5;7;8;9;10;13;14;17;18;19;26;28
91,14:24:06,10.78,15,2;3;4;5;7;8;9;10;13;14;17;18;19;26;28
92,14:24:06,8.93,14,3;4;5;7;8;9;10;13;14;17;18;19;26;28
93,14:24:06,7.31,15,4;5;7;8;9;10;13;14;17;18;19;20;26;27;28
94,14:24:07,7.61,14,4;5;7;8;9;10;13;14;17;18;19;20;26;28
95,14:24:07,7.81,14,4;5;7;8;9;10;13;14;18;19;20;26;28;30
96,14:24:07,8.56,14,4;5;7;8;9;10;13;14;18;19;20;26;28;30
97,14:24:07,8.45,13,4;5;7;8;9;10;13;14;18;19;26;28;30
98,14:24:07,12.26,13,4;5;7;8;9;10;13;14;18;19;26;28;30
99,14:24:07,8.70,13,4;5;7;8;9;10;13;14;18;19;26;28;30
100,14:24:07,9.45,13,4;5;7;8;9;10;13;14;18;19;26;28;30
101,14:24:08,4.75,13,4;5;7;8;9;10;13;14;18;19;26;28;30
102,14:24:08,9.15,13,4;5;7;8;9;10;13;14;18;19;26;28;30
103,14:24:08,7.57,14,4;5;7;8;9;10;13;14;17;18;19;26;28;30
104,14:24:08,8.15,14,4;5;7;8;9;10;13;14;17;18;19;26;28;30
105,14:24:08,8.48,14,2;4;5;8;9;10;13;14;17;18;19;26;28;30
106,14:24:08,8.63,14,2;4;5;8;9;10;13;14;17;18;19;26;28;30
107,14:24:08,12.28,14,2;4;5;8;9;10;13;14;17;18;19;26;28;30
108,14:24:08,8.64,14,2;4;5;8;9;10;13;14;17;18;19;26;28;30
109,14:24:08,9.54,14,4;5;8;9;10;13;14;17;18;19;20;26;28;30
110,14:24:09,9.70,14,4;5;8;9;10;12;13;14;17;18;19;26;28;30
111,14:24:09,6.78,13,4;5;8;9;10;13;14;17;18;19;26;28;30
112,14:24:09,8.38,14,4;5;8;9;10;13;14;17;18;19;26;28;30;34
113,14:24:09,8.76,14,4;5;8;9;10;13;14;17;18;19;26;28;30;34
114,14:24:09,10.53,13,4;5;8;9;10;13;14;17;18;19;26;28;30
115,14:24:09,12.83,14,4;5;8;9;10;13;14;17;18;19;26;28;30;34
116,14:24:09,8.43,13,4;5;8;9;10;13;14;17;18;19;26;30;34
117,14:24:09,11.69,13,4;5;8;9;10;13;14;17;18;19;26;30;34
118,14:24:09,9.71,14,4;5;8;9;10;13;14;17;18;19;26;30;34;35
119,14:24:09,9.91,14,4;5;8;9;10;13;14;17;18;19;26;30;34;35
120,14:24:10,7.11,14,4;5;8;9;10;13;14;17;18;19;26;30;34;35
121,14:24:10,8.26,14,4;5;8;9;10;13;14;17;18;19;26;30;34;35
122,14:24:10,8.61,14,4;5;8;9;10;13;14;17;18;19;26;30;34;35
123,14:24:10,11.11,14,4;5;8;9;10;13;14;17;18;19;26;30;34;35
124,14:24:10,7.90,15,4;5;8;9;10;13;14;17;18;19;26;30;34;35;36
125,14:24:10,9.07,16,4;5;8;9;10;13;14;17;18;19;26;28;30;34;35;36
126,14:24:10,9.19,16,4;5;8;9;10;13;14;17;18;19;26;28;30;34;35;36
127,14:24:10,13.07,16,4;5;8;9;10;13;14;17;18;19;26;28;30;34;35;36
128,14:24:11,8.41,16,4;5;8;9;10;13;14;17;18;19;26;28;30;34;35;36
129,14:24:11,7.98,15,4;5;8;9;10;13;14;17;18;19;26;28;30;35;36
130,14:24:11,7.25,14,4;5;8;9;10;13;14;17;18;19;26;28;35;36
131,14:24:11,7.81,15,4;5;8;9;10;12;13;14;17;18;19;26;28;35;36
132,14:24:11,7.99,15,4;5;8;9;10;13;14;17;18;19;26;28;30;35;36
133,14:24:11,8.59,16,4;5;8;9;10;13;14;17;18;19;26;28;30;35;36;38
134,14:24:11,7.24,16,4;5;8;9;10;13;14;17;18;19;26;28;30;35;36;38
135,14:24:11,7.14,16,4;5;8;9;10;13;14;17;18;19;26;28;30;35;36;38
136,14:24:12,9.45,16,4;5;8;9;10;13;14;17;18;19;26;28;30;35;36;38
137,14:24:12,8.25,16,4;5;8;9;10;13;14;17;18;19;26;28;30;35;36;38
138,14:24:12,10.68,16,4;5;8;9;10;13;14;17;18;19;26;28;30;35;36;38
139,14:24:12,8.17,17,4;5;8;9;10;13;14;17;18;19;26;28;30;35;36;38;41
140,14:24:12,11.01,16,4;5;8;9;10;13;14;17;18;19;26;28;30;35;36;38
141,14:24:12,10.23,16,4;5;8;9;10;13;14;17;18;19;26;28;30;35;36;38
142,14:24:12,10.09,17,4;5;8;9;10;13;14;17;18;19;26;28;30;35;36;38;41
143,14:24:12,7.98,17,4;5;8;9;10;13;14;17;18;19;26;28;30;34;35;36;38
144,14:24:12,12.08,16,4;5;8;9;10;13;14;17;18;19;26;28;30;35;36;38
145,14:24:12,8.54,17,4;5;8;9;10;13;14;17;18;19;26;28;30;35;36;38;41
146,14:24:13,12.41,16,4;5;8;9;10;13;14;17;18;19;26;28;30;35;36;38
147,14:24:13,5.97,16,4;5;8;9;10;13;14;17;18;19;26;28;30;35;36;38
148,14:24:13,7.75,17,4;5;8;9;10;13;14;17;18;19;26;28;30;34;35;36;38
149,14:24:13,8.12,16,4;5;8;9;10;13;14;17;18;19;26;28;30;35;36;38
150,14:24:13,11.08,16,4;5;8;9;10;13;14;17;18;19;26;28;30;35;36;38
151,14:24:13,7.92,16,4;5;8;9;10;13;14;17;18;19;26;28;30;35;36;38
152,14:24:13,12.19,16,4;5;8;9;10;13;14;17;18;19;26;28;30;35;36;38
153,14:24:13,8.90,16,4;5;8;9;10;13;14;17;18;19;26;28;30;35;36;38
154,14:24:13,9.67,16,4;5;8;9;10;13;14;17;18;19;26;28;30;35;36;38
155,14:24:14,9.33,16,4;5;8;9;10;13;14;17;18;19;26;28;30;35;36;38
156,14:24:14,6.44,16,4;5;8;9;10;13;14;17;18;19;26;28;30;35;36;38
157,14:24:14,10.36,17,4;5;8;9;10;12;13;14;17;18;19;26;28;30;35;36;38
158,14:24:14,7.28,16,4;5;8;9;10;13;14;17;18;19;26;28;30;35;36;38
159,14:24:14,8.25,16,4;5;8;9;10;13;14;17;18;19;26;28;30;35;36;38
160,14:24:14,8.36,16,4;5;8;9;10;13;14;17;18;19;26;28;30;35;36;38
161,14:24:14,8.79,16,4;5;8;9;10;13;14;17;18;19;26;28;30;35;36;38
162,14:24:14,13.15,16,4;5;8;9;10;13;14;17;18;19;26;28;30;35;36;38
163,14:24:14,8.40,16,4;5;8;9;10;13;14;17;18;19;26;28;30;35;36;38
164,14:24:15,9.47,16,4;5;8;9;10;13;14;17;18;19;26;28;30;35;36;38
165,14:24:15,7.81,16,4;5;8;9;10;12;13;17;18;19;26;28;30;35;36;38
166,14:24:15,9.09,15,4;5;8;9;10;13;17;18;19;26;28;30;35;36;38
167,14:24:15,7.75,16,4;5;8;9;10;12;13;17;18;19;26;28;30;35;36;38
168,14:24:15,8.34,16,4;5;8;9;10;12;13;17;18;19;26;28;30;35;36;38
169,14:24:15,8.46,15,4;5;8;9;10;13;17;18;19;26;28;30;35;36;38
170,14:24:15,8.86,15,4;5;8;9;10;13;17;18;19;26;28;30;35;36;38
171,14:24:15,9.63,15,4;5;8;9;10;13;17;18;19;26;28;30;35;36;38
172,14:24:16,9.69,15,4;5;8;9;10;13;17;18;19;26;28;30;35;36;38
173,14:24:16,12.72,15,4;5;8;9;10;13;17;18;19;26;28;30;35;36;38
174,14:24:16,7.96,15,4;5;8;9;10;13;17;18;19;26;28;30;35;36;38
175,14:24:16,7.55,15,4;5;8;9;10;13;17;18;19;26;28;30;35;36;38
176,14:24:16,11.95,15,4;5;8;9;10;13;17;18;19;26;28;30;35;36;38
177,14:24:16,9.23,15,4;5;8;9;10;13;17;18;19;26;28;30;35;36;38
178,14:24:16,9.30,15,4;5;8;9;10;13;17;18;19;26;28;30;35;36;38
179,14:24:16,9.12,15,4;5;8;9;10;13;17;18;19;26;28;30;35;36;38
180,14:24:16,9.46,15,4;5;8;9;10;13;17;18;19;26;28;30;35;36;38
181,14:24:17,9.55,15,4;5;8;9;10;13;17;18;19;26;28;30;35;36;38
182,14:24:17,6.21,15,4;5;8;9;10;13;17;18;19;26;28;30;35;36;38
183,14:24:17,8.42,15,4;5;8;9;10;12;17;18;19;26;28;30;35;36;38
184,14:24:17,8.70,15,4;5;8;9;10;12;17;18;19;26;28;30;35;36;38
185,14:24:17,11.91,15,4;5;8;9;10;12;17;18;19;26;28;30;35;36;38
186,14:24:17,7.82,15,4;5;8;9;10;12;17;18;19;26;28;30;35;36;38
187,14:24:17,12.45,15,4;5;8;9;10;12;17;18;19;26;28;30;35;36;38
188,14:24:17,9.44,15,4;5;8;9;10;12;17;18;19;26;28;30;35;36;38
189,14:24:17,9.67,14,4;5;8;9;10;17;18;19;26;28;30;35;36;38
190,14:24:17,13.43,14,4;5;8;9;10;17;18;19;26;28;30;35;36;38
191,14:24:18,6.66,14,4;5;8;9;10;17;18;19;26;28;30;35;36;38
192,14:24:18,7.71,14,4;5;8;9;10;17;18;19;26;28;30;35;36;38
193,14:24:18,7.80,14,4;5;8;9;10;17;18;19;26;28;30;35;36;38
194,14:24:18,8.50,14,4;5;8;9;10;17;18;19;26;28;30;35;36;38
195,14:24:18,8.53,14,4;5;8;9;10;17;18;19;26;28;30;35;36;38
196,14:24:18,9.28,14,4;5;8;9;10;17;18;19;26;28;30;35;36;38
197,14:24:18,9.82,14,4;5;8;9;10;17;18;19;26;28;30;35;36;38
198,14:24:18,13.62,14,4;5;8;9;10;17;18;19;26;28;30;35;36;38
199,14:24:19,8.72,14,4;5;8;9;10;17;18;19;26;28;30;35;36;38
200,14:24:19,7.09,14,4;5;8;9;10;17;18;19;26;28;30;35;36;38
201,14:24:19,8.35,14,4;5;8;9;10;17;18;19;26;28;30;35;36;38
202,14:24:19,8.76,14,4;5;8;9;10;17;18;19;26;28;30;35;36;38
203,14:24:19,8.48,14,4;5;8;9;10;17;18;19;26;28;30;35;36;38
204,14:24:19,8.81,14,4;5;8;9;10;17;18;19;26;28;30;35;36;38
205,14:24:19,9.02,14,4;5;8;9;10;17;18;19;26;28;30;35;36;38
206,14:24:19,13.41,14,4;5;8;9;10;17;18;19;26;28;30;35;36;38
207,14:24:19,8.96,15,4;5;8;9;10;12;17;18;19;26;28;30;35;36;38
208,14:24:20,9.45,15,4;5;8;9;10;12;17;18;19;26;28;30;35;36;38
209,14:24:20,6.79,15,4;5;8;9;10;12;17;18;19;26;28;30;35;36;38
210,14:24:20,8.06,15,4;5;8;9;10;12;17;18;19;26;28;30;35;36;38
211,14:24:20,10.19,15,4;5;8;9;10;12;17;18;19;26;28;30;35;36;38
212,14:24:20,11.08,15,4;5;8;9;10;12;17;18;19;26;28;30;35;36;38
213,14:24:20,7.48,15,4;5;8;9;10;12;17;18;19;26;28;30;35;36;38
214,14:24:20,8.57,15,4;5;8;9;10;12;17;18;19;26;28;30;35;36;38
215,14:24:20,9.21,15,4;5;8;9;10;12;17;18;19;26;28;30;35;36;38
216,14:24:20,9.36,15,4;5;8;9;10;12;17;18;19;26;28;30;35;36;38
217,14:24:21,6.53,15,4;5;8;9;10;12;17;18;19;26;28;30;35;36;38
218,14:24:21,8.05,15,4;5;8;9;10;12;17;18;19;26;28;30;35;36;38
219,14:24:21,8.33,15,4;5;8;9;10;12;17;18;19;26;28;30;35;36;38
220,14:24:21,8.56,15,4;5;8;9;10;12;17;18;19;26;28;30;35;36;38
221,14:24:21,11.11,15,4;5;8;9;10;12;17;18;19;26;28;30;35;36;38
222,14:24:21,12.20,15,4;5;8;9;10;12;17;18;19;26;28;30;35;36;38
223,14:24:21,9.05,15,4;5;8;9;10;12;17;18;19;26;28;30;35;36;38
224,14:24:21,9.25,15,4;5;8;9;10;12;17;18;19;26;28;30;35;36;38
225,14:24:21,9.41,16,4;5;8;9;10;12;17;18;19;26;28;30;35;36;38;50
226,14:24:22,7.64,16,4;5;8;9;10;12;17;18;19;26;28;30;35;36;38;50
227,14:24:22,7.05,16,4;5;8;9;10;12;17;18;19;26;28;30;35;36;38;50
228,14:24:22,10.79,16,4;5;8;9;10;12;17;18;19;26;28;30;35;36;38;50
229,14:24:22,7.50,16,4;5;8;9;10;12;17;18;19;26;28;30;35;36;38;50
230,14:24:22,8.43,16,4;5;8;9;10;12;17;18;19;26;28;30;35;36;38;50
231,14:24:22,8.96,16,4;5;8;9;10;12;17;18;19;26;28;30;35;36;38;50
232,14:24:22,4.74,16,4;5;8;9;10;12;17;18;19;26;28;30;35;36;38;50
233,14:24:23,6.21,16,4;5;8;9;10;12;17;18;19;26;28;30;35;36;38;50
234,14:24:23,10.09,16,4;5;8;9;10;12;17;18;19;26;28;30;35;36;38;50
235,14:24:23,7.56,16,4;5;8;9;10;12;17;18;19;26;28;30;35;36;38;50
236,14:24:23,8.42,16,4;5;8;9;10;12;17;18;19;26;28;30;35;36;38;50
237,14:24:23,8.20,16,4;5;8;9;10;12;17;18;19;26;28;30;35;36;38;50
238,14:24:23,8.82,16,4;5;8;9;10;12;17;18;19;26;28;30;35;36;38;50
239,14:24:23,9.36,16,4;5;8;9;10;12;17;18;19;26;28;30;35;36;38;50
240,14:24:23,10.72,16,4;5;8;9;10;12;17;18;19;26;28;30;35;36;38;50
241,14:24:23,12.30,16,4;5;8;9;10;12;17;18;19;26;28;30;35;36;38;50
242,14:24:24,8.76,16,4;5;8;9;10;12;17;18;19;26;28;30;35;36;38;50
243,14:24:24,7.46,16,4;5;8;9;10;12;17;18;19;26;28;30;35;36;38;50
244,14:24:24,8.01,16,4;5;8;9;10;12;17;18;19;26;28;30;35;36;38;50
245,14:24:24,8.34,15,4;5;8;9;10;12;17;18;26;28;30;35;36;38;50
246,14:24:24,11.69,15,4;5;8;9;10;12;17;18;26;28;30;35;36;38;50
247,14:24:24,8.35,16,4;5;8;9;10;12;17;18;19;26;28;30;35;36;38;50
248,14:24:24,9.18,16,4;5;8;9;10;12;17;18;19;26;28;30;35;36;38;50
249,14:24:24,9.02,16,4;5;8;9;10;12;17;18;19;26;28;30;35;36;38;50
250,14:24:24,7.82,15,4;5;8;9;10;12;17;18;26;28;30;35;36;38;50
251,14:24:25,7.95,15,4;5;8;9;10;12;17;18;26;28;30;35;36;38;50
252,14:24:25,8.25,15,4;5;8;9;10;12;17;18;26;28;30;35;36;38;50
253,14:24:25,10.28,17,4;5;8;9;10;12;17;18;19;26;28;30;35;36;38;50;61
254,14:24:25,10.33,15,4;5;8;9;10;12;17;18;26;28;30;35;36;38;50
255,14:24:25,8.17,16,4;5;8;9;10;12;17;18;26;28;30;35;36;38;50;61
256,14:24:25,12.89,16,4;5;8;9;10;12;17;18;26;28;30;35;36;38;50;61
257,14:24:25,8.48,16,4;5;8;9;10;12;17;18;26;28;30;35;36;38;50;61
258,14:24:25,9.32,16,4;5;8;9;10;12;17;18;19;26;28;30;35;36;38;50
259,14:24:26,6.58,17,4;5;8;9;10;12;17;18;19;26;28;30;35;36;38;50;61
260,14:24:26,8.33,16,4;5;8;9;10;12;17;18;26;28;30;35;36;38;50;61
261,14:24:26,6.95,16,4;5;8;9;10;12;17;18;26;28;30;35;36;38;50;61
262,14:24:26,8.23,16,4;5;8;9;10;12;17;18;26;28;30;35;36;38;50;61
263,14:24:26,8.36,17,4;5;8;9;10;12;17;18;19;26;28;30;35;36;38;50;61
264,14:24:26,7.53,16,4;5;8;9;10;12;17;18;26;28;30;35;36;38;50;61
265,14:24:26,7.20,16,4;5;8;9;10;12;17;18;26;28;30;35;36;38;50;61
266,14:24:26,10.81,15,4;5;8;9;10;12;17;18;26;28;30;35;36;38;50
267,14:24:26,7.40,17,4;5;8;9;10;12;17;18;19;26;28;30;35;36;38;50;61
268,14:24:27,7.18,17,4;5;8;9;10;12;17;18;19;26;28;30;35;36;38;50;61
269,14:24:27,9.27,16,4;5;8;9;10;12;17;18;26;28;30;35;36;38;50;61
270,14:24:27,8.39,16,4;5;8;9;10;12;17;18;26;28;30;35;36;38;50;61
271,14:24:27,7.69,16,4;5;8;9;10;12;17;18;26;28;30;35;36;38;50;61
272,14:24:27,8.62,17,4;5;8;9;10;12;17;18;19;26;28;30;35;36;38;50;61
273,14:24:27,10.12,17,4;5;8;9;10;12;17;18;19;26;28;30;35;36;38;50;61
274,14:24:27,7.67,17,4;5;8;9;10;12;17;18;19;26;28;30;35;36;38;50;61
275,14:24:27,8.15,17,4;5;8;9;10;12;17;18;19;26;28;30;35;36;38;50;61
276,14:24:28,10.85,16,4;5;8;9;10;12;17;18;26;28;30;35;36;38;50;61
277,14:24:28,8.44,16,4;5;8;9;10;12;17;18;19;26;28;30;35;36;38;50
278,14:24:28,9.20,17,4;5;8;9;10;12;17;18;19;26;28;30;35;36;38;50;61
279,14:24:28,7.97,17,4;5;8;9;10;12;17;18;19;26;28;30;35;36;38;50;61
280,14:24:28,6.28,16,4;5;8;9;10;12;17;18;19;26;28;30;35;36;38;50
281,14:24:28,7.23,17,4;5;8;9;10;12;17;18;19;26;28;30;35;36;38;50;61
282,14:24:28,7.82,16,4;5;8;9;10;12;17;18;19;26;28;30;35;36;38;50
283,14:24:28,7.89,17,4;5;8;9;10;12;17;18;19;26;28;30;35;36;38;50;61
284,14:24:29,11.13,17,4;5;8;9;10;12;17;18;19;26;28;30;35;36;38;50;61
285,14:24:29,8.11,17,4;5;8;9;10;12;17;18;19;26;28;30;35;36;38;50;61
286,14:24:29,8.87,17,4;5;8;9;10;12;17;18;19;26;28;30;35;36;38;50;61
287,14:24:29,6.78,17,4;5;8;9;10;12;17;18;19;26;28;30;35;36;38;50;61
288,14:24:29,6.58,17,4;5;8;9;10;12;17;18;19;26;28;30;35;36;38;50;61
289,14:24:29,9.29,18,4;5;8;9;10;12;17;18;19;26;28;30;35;36;38;50;61;70
290,14:24:29,7.13,18,4;5;8;9;10;12;17;18;19;26;28;30;35;36;38;50;61;70
291,14:24:29,9.99,18,4;5;8;9;10;12;17;18;19;26;28;30;35;36;38;50;61;70
292,14:24:30,7.09,18,4;5;8;9;10;12;17;18;19;26;28;30;35;36;38;50;61;70
293,14:24:30,10.65,17,4;5;8;9;10;12;17;18;19;26;28;30;35;36;38;50;70
294,14:24:30,7.23,17,4;5;8;9;10;12;17;18;19;26;28;30;35;36;38;50;70
295,14:24:30,6.08,18,4;5;8;9;10;12;17;18;19;26;28;30;35;36;38;50;61;70
296,14:24:30,5.96,18,4;5;8;9;10;12;17;18;19;26;28;30;35;36;38;50;61;70
297,14:24:30,6.98,18,4;5;8;9;10;12;17;18;19;26;28;30;35;36;38;50;61;70
298,14:24:30,7.52,17,4;5;8;9;10;12;17;18;19;26;28;30;35;36;38;50;70
299,14:24:30,10.68,17,4;5;8;9;10;12;17;18;19;26;28;30;35;36;38;50;70
300,14:24:31,7.85,17,4;5;8;9;10;12;17;18;19;26;28;30;35;36;38;50;70
301,14:24:31,6.33,17,4;5;8;9;10;12;17;18;19;26;28;30;35;36;38;50;70
302,14:24:31,6.85,16,4;5;8;9;10;12;17;18;19;26;28;30;36;38;50;70
303,14:24:31,7.69,16,4;5;8;9;10;12;17;18;19;26;28;30;36;38;50;70
304,14:24:31,8.13,16,4;5;8;9;10;12;17;18;19;26;28;30;36;38;50;70
305,14:24:31,4.53,16,4;5;8;9;10;12;17;18;19;26;28;30;36;38;50;70
306,14:24:32,8.18,17,4;5;8;9;10;12;17;18;19;26;28;30;36;38;50;61;70
307,14:24:32,8.25,16,4;5;8;9;10;12;17;18;19;26;28;30;36;38;50;70
308,14:24:32,8.53,16,4;5;8;9;10;12;17;18;19;26;28;30;36;38;50;70
309,14:24:32,12.83,16,4;5;8;9;10;12;17;18;19;26;28;30;36;38;50;70
310,14:24:32,8.75,17,4;5;8;9;10;12;17;18;19;26;28;30;36;38;50;61;70
311,14:24:32,9.16,16,4;5;8;9;10;12;17;18;19;26;28;30;36;38;50;70
312,14:24:32,6.50,16,4;5;8;9;10;12;17;18;19;26;28;30;36;38;50;70
313,14:24:32,7.36,16,4;5;8;9;10;12;17;18;19;26;28;30;36;38;50;70
314,14:24:32,11.51,18,4;5;8;9;10;12;17;18;19;26;28;30;36;38;50;61;70;80
315,14:24:33,8.98,16,4;5;8;9;10;12;17;18;19;26;28;30;36;38;50;70
316,14:24:33,9.21,15,4;5;8;9;10;17;18;19;26;28;30;36;38;50;70
317,14:24:33,13.30,15,4;5;8;9;10;17;18;19;26;28;30;36;38;50;70
318,14:24:33,10.44,16,4;5;8;9;10;17;18;19;26;28;30;36;38;50;70;83
319,14:24:33,10.10,17,4;5;8;9;10;17;18;19;26;28;30;36;38;50;61;70;83
320,14:24:33,9.45,18,4;5;8;9;10;17;18;19;26;28;30;35;36;38;50;61;70;83
321,14:24:33,8.44,18,4;5;8;9;10;17;18;19;26;28;30;36;38;50;61;70;83;84
322,14:24:33,10.53,18,4;5;8;9;10;17;18;19;26;28;30;36;38;50;70;83;84;85
323,14:24:33,9.00,17,4;5;8;9;10;17;18;19;26;28;35;36;38;50;70;84;85
324,14:24:33,7.93,15,4;5;8;9;10;17;18;19;26;28;36;38;50;70;84
325,14:24:34,7.59,15,4;5;8;9;10;17;18;19;26;28;36;38;50;70;84
326,14:24:34,10.57,15,4;5;8;9;10;17;18;19;26;28;36;38;50;70;84
327,14:24:34,10.61,15,4;5;8;9;10;17;18;19;26;28;36;38;50;70;84
328,14:24:34,10.64,15,4;5;8;9;10;17;18;19;26;28;36;38;50;70;84
329,14:24:34,7.20,15,4;5;8;9;10;17;18;19;26;28;36;38;50;70;84
330,14:24:34,11.90,15,4;5;8;9;10;17;18;19;26;28;36;38;50;70;84
331,14:24:34,12.34,16,4;5;8;9;10;17;18;19;26;28;36;38;50;70;84;85
332,14:24:34,8.64,16,4;5;8;9;10;17;18;19;26;28;36;38;50;70;84;85
333,14:24:34,10.30,16,4;5;8;9;10;12;17;18;19;26;28;36;38;50;70;84
334,14:24:34,10.18,15,4;5;8;9;10;17;18;19;26;28;36;38;50;70;84
335,14:24:35,9.24,17,4;5;8;9;10;12;17;18;19;26;28;30;36;38;50;70;84
336,14:24:35,14.36,19,4;5;8;9;10;12;17;18;19;26;28;30;36;38;50;70;83;84;90
337,14:24:35,8.33,17,4;5;8;9;10;12;17;18;19;28;35;36;38;70;83;84;90
338,14:24:35,7.55,17,4;5;8;9;10;12;17;18;19;28;35;36;38;70;83;84;90
339,14:24:35,10.81,17,4;5;8;9;10;12;17;18;19;28;35;36;38;70;83;84;90
340,14:24:35,7.40,16,4;5;8;9;10;17;18;19;28;35;36;38;70;83;84;90
341,14:24:35,7.84,16,4;5;8;9;10;17;18;19;28;35;36;38;70;83;84;90
342,14:24:35,7.81,16,4;5;8;9;10;17;18;19;28;35;36;38;70;83;84;90
343,14:24:36,7.94,15,4;5;8;9;10;17;18;19;28;36;38;70;83;84;90
344,14:24:36,8.03,15,4;5;8;9;10;17;18;19;28;36;38;70;83;84;90
345,14:24:36,5.93,15,4;5;8;9;10;17;18;19;28;36;38;70;83;84;90
346,14:24:36,7.85,14,4;5;8;9;10;17;18;19;28;36;70;83;84;90
347,14:24:36,10.16,14,4;5;8;9;10;17;18;19;28;36;70;83;84;90
348,14:24:36,8.37,14,4;5;8;9;10;17;18;19;28;36;70;83;84;90
349,14:24:36,7.94,14,4;5;8;9;10;17;18;19;28;36;70;83;84;90
350,14:24:36,8.26,14,4;5;8;9;10;17;18;19;28;36;70;83;84;90
351,14:24:37,11.11,13,4;5;8;9;10;17;18;19;36;70;83;84;90
352,14:24:37,8.58,13,4;5;8;9;10;17;18;19;36;70;83;84;90
353,14:24:37,6.60,13,4;5;8;9;10;17;18;19;36;70;83;84;90
354,14:24:37,7.83,14,4;5;8;9;10;17;18;19;36;70;83;84;90;100
355,14:24:37,8.33,14,4;5;8;9;10;17;18;19;36;70;83;84;90;100
356,14:24:37,8.67,14,4;5;8;9;10;17;18;19;36;70;83;84;90;100
357,14:24:37,4.55,14,4;5;8;9;10;17;18;19;36;70;83;84;90;100
358,14:24:37,8.45,14,4;5;8;9;10;17;18;19;36;70;83;84;90;100
359,14:24:38,10.04,14,4;5;8;9;10;17;18;19;36;70;83;84;90;100
360,14:24:38,11.99,14,4;5;8;9;10;17;18;19;36;70;83;84;90;100
361,14:24:38,8.14,14,4;5;8;9;10;17;18;19;36;70;83;84;90;100
362,14:24:38,10.25,14,4;5;8;9;10;17;18;19;36;70;83;84;90;100
363,14:24:38,8.16,14,4;5;8;9;10;17;18;19;36;70;83;84;90;100
364,14:24:38,11.12,14,4;5;8;9;10;17;18;19;36;70;83;84;90;100
365,14:24:38,8.49,14,4;5;8;9;10;17;18;19;36;70;83;84;90;100
366,14:24:38,8.63,14,4;5;8;9;10;17;18;19;36;70;83;84;90;100
367,14:24:38,9.31,13,4;5;8;9;17;18;19;36;70;83;84;90;100
368,14:24:39,8.71,13,4;5;8;9;17;18;19;36;70;83;84;90;100
369,14:24:39,10.84,13,4;5;8;9;17;18;19;36;70;83;84;90;100
370,14:24:39,8.27,13,4;5;8;9;17;18;19;36;70;83;84;90;100
371,14:24:39,11.40,13,4;5;8;9;17;18;19;36;70;83;84;90;100
372,14:24:39,10.24,13,4;5;8;9;17;18;19;36;70;83;84;90;100
373,14:24:39,9.14,13,4;5;8;9;17;18;19;36;70;83;84;90;100
374,14:24:39,8.78,13,4;5;8;9;17;18;19;36;70;83;84;90;100
375,14:24:39,12.81,13,4;5;8;9;17;18;19;36;70;83;84;90;100
376,14:24:39,7.84,13,4;5;8;9;17;18;19;36;70;83;84;90;100
377,14:24:40,8.27,13,4;5;8;9;17;18;19;36;70;83;84;90;100
378,14:24:40,8.54,13,4;5;8;9;17;18;19;36;70;83;84;90;100
379,14:24:40,11.18,13,4;5;8;9;17;18;19;36;70;83;84;90;100
380,14:24:40,8.70,13,4;5;8;9;17;18;19;36;70;83;84;90;100
381,14:24:40,10.99,13,4;5;8;9;17;18;19;36;70;83;84;90;100
382,14:24:40,5.19,13,4;5;8;9;17;18;19;36;70;83;84;90;100
383,14:24:40,12.32,13,4;5;8;9;17;18;19;36;70;83;84;90;100
384,14:24:40,8.11,13,4;5;8;9;17;18;19;36;70;83;84;90;100
385,14:24:40,8.18,13,4;5;8;9;17;18;19;36;70;83;84;90;100
386,14:24:41,8.56,13,4;5;8;9;17;18;19;36;70;83;84;90;100
387,14:24:41,8.93,13,4;5;8;9;17;18;19;36;70;83;84;90;100
388,14:24:41,8.48,13,4;5;8;9;17;18;19;36;70;83;84;90;100
389,14:24:41,12.31,13,4;5;8;9;17;18;19;36;70;83;84;90;100
390,14:24:41,8.92,13,4;5;8;9;17;18;19;36;70;83;84;90;100
391,14:24:41,8.65,11,4;5;8;9;18;36;70;83;84;90;100
392,14:24:41,9.13,12,4;5;8;9;18;36;70;83;84;90;100;107
393,14:24:41,10.40,12,4;5;8;9;18;36;70;83;84;90;100;107
394,14:24:41,8.61,11,4;5;8;9;18;36;70;83;84;90;107
395,14:24:42,8.95,11,4;5;8;9;18;36;70;83;84;90;107
396,14:24:42,8.14,10,4;5;9;18;36;70;83;84;90;107
397,14:24:42,6.76,10,4;5;9;18;36;70;83;84;90;107
398,14:24:42,9.25,10,4;5;9;18;36;70;83;84;90;107
399,14:24:42,13.31,10,4;5;9;18;36;70;83;84;90;107
400,14:24:42,9.25,11,4;5;9;18;36;70;83;84;90;107;109
401,14:24:42,7.31,12,4;5;9;18;36;70;83;84;90;107;109;110
402,14:24:42,7.99,12,4;5;9;18;36;70;83;84;90;107;109;110
403,14:24:42,10.88,12,4;5;9;18;36;70;83;84;90;107;109;110
404,14:24:43,11.64,12,4;5;9;18;36;70;83;84;90;107;109;110
405,14:24:43,8.95,13,4;5;9;17;18;36;70;83;84;90;107;109;110
406,14:24:43,8.68,12,4;5;18;19;36;70;83;84;90;107;109;110
407,14:24:43,12.08,13,4;5;17;18;19;36;70;83;84;90;107;109;110
408,14:24:43,8.93,12,4;5;17;18;19;36;70;84;100;107;109;110
409,14:24:43,12.47,12,4;5;17;18;19;36;70;84;100;107;109;110
410,14:24:43,9.52,10,4;5;17;18;36;70;84;107;109;110
411,14:24:43,11.24,11,4;5;17;18;19;36;70;84;107;109;110
412,14:24:43,9.80,12,4;5;17;18;19;36;70;84;107;109;110;113
413,14:24:43,12.37,11,4;5;18;19;36;70;84;107;109;110;113
414,14:24:44,9.03,12,4;5;17;18;19;36;70;84;107;109;110;113
415,14:24:44,8.83,12,4;5;17;18;36;70;84;107;109;110;113;115
416,14:24:44,9.35,13,4;5;17;18;19;36;70;84;107;109;110;113;115
417,14:24:44,8.54,12,4;5;18;19;36;70;84;107;109;110;113;115
418,14:24:44,7.75,12,4;5;18;19;36;70;84;107;109;110;113;115
419,14:24:44,5.10,13,4;5;17;18;19;36;70;84;107;109;110;113;115
420,14:24:44,8.33,12,4;5;18;19;36;70;84;107;109;110;113;115
421,14:24:44,11.65,12,4;5;18;19;36;70;84;107;109;110;113;115
422,14:24:44,8.58,11,4;5;18;19;36;70;100;107;109;110;113
423,14:24:45,9.21,15,4;5;9;17;18;19;36;70;100;107;109;110;113;115;118
424,14:24:45,11.48,14,4;5;9;18;19;36;70;100;107;109;110;113;115;118
425,14:24:45,8.78,14,4;5;9;18;19;36;70;100;107;109;110;113;115;118
426,14:24:45,7.30,13,4;5;9;18;19;36;70;107;109;110;113;115;118
427,14:24:45,11.48,13,4;5;9;18;19;36;70;107;109;110;113;115;118
428,14:24:45,8.26,13,4;5;9;18;19;36;70;107;109;110;113;115;118
429,14:24:45,8.49,12,5;9;18;19;36;70;107;109;110;113;115;118
430,14:24:45,9.25,13,4;5;9;18;19;36;70;107;109;110;113;115;118
431,14:24:45,8.67,12,4;5;9;18;19;36;70;107;109;110;113;118
432,14:24:46,9.12,13,4;5;9;18;19;36;70;107;109;110;113;115;118
433,14:24:46,5.98,15,4;5;9;17;18;19;36;70;90;107;109;110;113;115;118
434,14:24:46,8.00,14,4;5;9;17;18;19;36;70;107;109;110;113;115;118
435,14:24:46,7.94,14,4;5;9;18;19;36;70;107;109;110;113;118;123;124
436,14:24:46,7.83,15,4;5;9;18;19;36;70;107;109;110;113;115;118;123;124
437,14:24:46,10.16,15,4;5;9;18;19;36;70;107;109;110;113;115;118;123;124
438,14:24:46,10.03,15,4;5;9;17;18;19;36;70;107;109;110;113;118;123;124
439,14:24:46,7.80,14,4;5;9;18;19;36;70;107;109;110;113;118;123;124
440,14:24:47,7.77,14,4;5;9;18;19;36;70;107;109;110;113;118;123;124
441,14:24:47,7.03,14,4;5;9;18;19;36;70;107;109;110;113;118;123;124
442,14:24:47,8.21,15,4;5;9;18;19;36;70;107;109;110;113;115;118;123;124
443,14:24:47,7.79,14,4;5;9;18;19;36;70;107;109;110;113;118;123;124
444,14:24:47,10.98,14,4;5;9;18;19;36;70;107;109;110;113;118;123;124
445,14:24:47,7.83,14,4;5;9;18;19;36;70;107;109;110;113;118;123;124
446,14:24:47,9.80,15,4;5;9;18;19;36;70;107;109;110;113;118;123;124;128
447,14:24:47,9.80,16,4;5;9;18;19;36;70;107;109;110;113;115;118;123;124;128
448,14:24:48,6.85,15,4;5;9;18;19;36;70;107;109;110;113;118;123;124;128
449,14:24:48,7.99,15,4;5;9;18;19;36;70;107;109;110;113;118;123;124;128
450,14:24:48,10.92,15,4;5;9;17;18;36;70;107;109;110;113;118;123;124;128
451,14:24:48,8.08,15,4;5;9;18;19;36;70;107;109;110;113;118;123;124;128
452,14:24:48,8.58,15,4;5;9;18;19;36;70;107;109;110;113;118;123;124;128
453,14:24:48,8.68,15,4;5;9;18;19;36;70;107;109;110;113;115;118;123;124
454,14:24:48,11.54,13,4;5;9;18;36;70;107;109;110;113;118;123;124
455,14:24:48,7.18,15,4;5;9;18;19;36;70;107;109;110;113;115;118;123;124
456,14:24:49,6.31,14,4;5;9;18;19;36;70;107;109;110;113;118;123;124
457,14:24:49,8.89,13,4;5;9;18;36;70;107;109;110;113;118;123;124
458,14:24:49,11.66,13,4;5;9;18;36;70;107;109;110;113;118;123;124
459,14:24:49,12.11,15,4;5;9;17;18;36;70;107;109;110;113;118;123;124;131
460,14:24:49,8.46,15,4;5;9;17;18;36;70;107;109;110;113;118;123;124;131
461,14:24:49,8.72,15,4;5;9;18;36;70;107;109;110;113;115;118;123;124;131
462,14:24:49,8.92,15,4;5;9;18;36;70;107;109;110;113;115;118;123;124;131
463,14:24:49,8.09,15,4;5;9;18;36;70;107;109;110;113;115;118;123;124;131
464,14:24:49,8.45,15,4;5;9;18;36;70;107;109;110;113;115;118;123;124;131
465,14:24:50,8.31,16,4;5;9;17;18;36;70;107;109;110;113;115;118;123;124;131
466,14:24:50,11.71,16,4;5;9;17;18;36;70;107;109;110;113;115;118;123;124;131
467,14:24:50,8.20,16,4;5;9;17;18;36;70;107;109;110;113;115;118;123;124;131
468,14:24:50,8.53,16,4;5;9;17;18;36;70;107;109;110;113;115;118;123;124;131
469,14:24:50,8.80,16,4;5;9;17;18;36;70;107;109;110;113;115;118;123;124;131
470,14:24:50,9.11,16,4;5;9;17;18;36;70;107;109;110;113;115;118;123;124;131
471,14:24:50,7.10,16,4;5;9;17;18;36;70;107;109;110;113;115;118;123;124;131
472,14:24:50,8.35,16,4;5;9;17;18;36;70;107;109;110;113;115;118;123;124;131
473,14:24:50,7.98,16,4;5;9;17;18;36;70;107;109;110;113;115;118;123;124;131
474,14:24:51,8.29,17,4;5;9;17;18;36;70;107;109;110;113;115;118;123;124;131;139
475,14:24:51,8.76,17,4;5;9;17;18;19;36;70;107;109;110;113;115;118;123;124;131
476,14:24:51,11.72,17,4;5;9;17;18;36;70;107;109;110;113;115;118;123;124;131;139
477,14:24:51,8.25,17,4;5;9;17;18;36;70;107;109;110;113;115;118;123;124;131;139
478,14:24:51,8.57,17,4;5;9;17;18;36;70;107;109;110;113;115;118;123;124;131;139
479,14:24:51,7.60,17,4;5;9;17;18;36;70;107;109;110;113;115;118;123;124;131;139
480,14:24:51,10.48,17,4;5;9;17;18;36;70;107;109;110;113;115;118;123;124;131;139
481,14:24:51,8.04,16,4;5;9;17;18;36;70;107;109;110;113;115;118;123;124;131
482,14:24:51,10.69,16,4;5;9;17;18;36;70;107;109;110;113;115;118;123;124;131
483,14:24:52,7.99,16,4;5;9;17;18;36;70;107;109;110;113;115;118;123;124;131
484,14:24:52,8.98,17,4;5;9;17;18;36;70;107;109;110;113;115;118;123;124;131;139
485,14:24:52,8.70,16,4;5;9;17;18;36;70;107;109;110;113;115;118;123;124;131
486,14:24:52,6.22,16,4;5;9;17;18;36;70;107;109;110;113;115;118;123;124;131
487,14:24:52,7.12,16,4;5;9;17;18;36;70;107;109;110;113;115;118;123;124;131
488,14:24:52,7.66,16,4;5;9;17;18;36;70;107;109;110;113;115;118;123;124;131
489,14:24:52,8.17,16,4;5;9;17;18;36;70;107;109;110;113;115;118;123;124;131
490,14:24:52,11.55,16,4;5;9;17;18;36;70;107;109;110;113;115;118;123;124;131
491,14:24:53,8.82,16,4;5;9;17;18;36;70;107;109;110;113;115;118;123;124;131
492,14:24:53,9.03,16,4;5;9;17;18;36;70;107;109;110;113;115;118;123;124;131
493,14:24:53,5.15,17,4;5;9;17;18;36;70;107;109;110;113;115;118;123;124;131;139
494,14:24:53,6.36,16,4;5;9;18;36;70;107;109;110;113;115;118;123;124;131;139
495,14:24:53,7.16,16,4;5;9;18;36;70;107;109;110;113;115;118;123;124;131;139
496,14:24:53,10.21,16,4;5;9;18;36;70;107;109;110;113;115;118;123;124;131;139
497,14:24:53,7.56,15,4;5;9;18;36;70;107;109;110;113;115;118;123;124;131
498,14:24:53,10.42,15,4;5;9;18;36;70;107;109;110;113;115;118;123;124;131
499,14:24:54,8.75,15,4;5;9;18;36;70;107;109;110;113;115;118;123;124;131
500,14:24:54,8.59,14,4;5;9;18;36;107;109;110;113;115;118;123;124;131
501,14:24:54,7.13,15,4;5;9;18;36;70;107;109;110;113;115;118;123;124;131
502,14:24:54,9.24,16,4;5;9;18;36;70;107;109;110;113;115;118;123;124;131;139
503,14:24:54,7.77,16,4;5;9;18;36;70;107;109;110;113;115;118;123;124;131;139
504,14:24:54,9.99,16,4;5;9;17;18;36;70;107;109;110;113;115;118;123;124;131
505,14:24:54,9.54,17,4;5;9;17;18;36;70;107;109;110;113;115;118;123;124;131;139
506,14:24:54,8.09,17,4;5;9;17;18;36;70;107;109;110;113;115;118;123;124;131;139
507,14:24:55,8.45,16,4;5;9;17;18;36;70;107;109;110;113;115;118;123;124;131
508,14:24:55,8.15,16,4;5;9;17;18;36;70;107;109;110;113;115;118;123;124;131
509,14:24:55,5.94,16,4;5;9;17;18;36;70;107;109;110;113;115;118;123;124;131
510,14:24:55,7.63,17,4;5;9;17;18;36;70;107;109;110;113;115;118;123;124;131;139
511,14:24:55,7.67,16,4;5;9;17;18;36;70;107;109;110;113;115;118;123;124;131
512,14:24:55,8.03,17,4;5;9;17;18;36;70;107;109;110;113;115;118;123;124;131;144
513,14:24:55,9.80,16,4;5;9;17;18;36;107;109;110;113;115;118;123;124;131;144
514,14:24:55,11.62,16,4;5;9;17;18;36;107;109;110;113;115;118;123;124;131;144
515,14:24:56,8.58,16,4;5;9;17;18;36;107;109;110;113;115;118;123;124;131;144
516,14:24:56,6.10,16,4;5;9;17;18;36;107;109;110;113;115;118;123;124;131;144
517,14:24:56,10.16,16,4;5;9;17;18;36;107;109;110;113;115;118;123;124;131;144
518,14:24:56,9.77,16,4;5;9;17;18;36;107;109;110;113;115;118;123;124;131;144
519,14:24:56,7.95,16,4;5;9;17;18;36;107;109;110;113;115;118;123;124;131;144
520,14:24:56,7.93,16,4;5;9;17;18;36;107;109;110;113;115;118;123;124;131;144
521,14:24:56,10.41,17,4;5;9;17;18;36;107;109;110;113;115;118;123;124;131;144;146
522,14:24:56,8.44,17,4;5;9;17;18;36;107;109;110;113;115;118;123;124;131;144;146
523,14:24:56,8.35,16,4;5;9;17;18;36;107;109;110;113;115;118;123;124;131;146
524,14:24:57,8.38,16,4;5;9;17;18;36;107;109;110;113;115;118;123;124;131;146
525,14:24:57,7.92,16,4;5;9;17;18;36;107;109;110;113;115;118;123;124;131;146
526,14:24:57,7.02,16,4;5;9;17;18;36;107;109;110;113;115;118;123;124;131;146
527,14:24:57,8.80,15,4;5;9;17;18;36;107;109;110;113;115;118;123;124;131
528,14:24:57,7.85,15,4;5;9;17;18;36;107;109;110;113;115;118;123;124;131
529,14:24:57,7.95,15,4;5;9;17;18;36;107;109;110;113;115;118;123;124;131
530,14:24:57,8.07,15,4;5;9;17;18;36;107;109;110;113;115;118;123;124;131
531,14:24:57,8.54,15,4;5;9;17;18;36;107;109;110;113;115;118;123;124;131
532,14:24:58,8.27,15,4;5;9;17;18;36;107;109;110;113;115;118;123;124;131
533,14:24:58,6.89,15,4;5;9;17;18;36;107;109;110;113;115;118;123;124;131
534,14:24:58,9.80,15,4;5;9;17;18;36;107;109;110;113;115;118;123;124;131
535,14:24:58,7.54,15,4;5;9;17;18;36;107;109;110;113;115;118;123;124;131
536,14:24:58,8.13,15,4;5;9;17;18;36;107;109;110;113;115;118;123;124;131
537,14:24:58,8.00,15,4;5;9;17;18;36;107;109;110;113;115;118;123;124;131
538,14:24:58,9.40,16,4;5;9;17;18;36;107;109;110;113;115;118;123;124;131;149
539,14:24:59,5.34,16,4;5;9;17;18;36;107;109;110;113;115;118;123;124;131;144
540,14:24:59,9.69,15,4;5;9;18;36;107;109;110;113;115;118;123;124;131;144
541,14:24:59,7.85,15,4;5;9;18;36;107;109;110;113;115;118;123;124;131;144
542,14:24:59,10.56,15,4;5;9;18;36;107;109;110;113;115;118;123;124;131;144
543,14:24:59,7.74,16,4;5;9;18;36;107;109;110;113;115;118;123;124;131;144;149
544,14:24:59,8.12,16,4;5;9;18;36;107;109;110;113;115;118;123;124;131;144;149
545,14:24:59,5.49,16,4;5;9;18;36;107;109;110;113;115;118;123;124;131;144;149
546,14:24:59,8.41,16,4;5;9;18;36;107;109;110;113;115;118;123;124;131;144;149
547,14:25:00,7.42,16,4;5;9;18;36;107;109;110;113;115;118;123;124;131;144;149
548,14:25:00,8.71,16,4;5;9;18;36;107;109;110;113;115;118;123;124;131;144;149
549,14:25:00,8.98,16,4;5;9;18;36;107;109;110;113;115;118;123;124;131;144;149
550,14:25:00,9.26,16,4;5;9;18;36;107;109;110;113;115;118;123;124;131;144;149
551,14:25:00,9.34,16,4;5;9;18;36;107;109;110;113;115;118;123;124;131;144;149
552,14:25:00,9.92,16,4;5;9;18;36;107;109;110;113;115;118;123;124;131;144;149
553,14:25:00,8.68,16,4;5;9;18;36;107;109;110;113;115;118;123;124;131;144;149
554,14:25:00,9.27,16,4;5;9;18;36;107;109;110;113;115;118;123;124;131;144;149
555,14:25:00,9.42,17,4;5;9;18;36;107;109;110;113;115;118;123;124;131;144;149;150
556,14:25:01,6.92,17,4;5;9;18;36;107;109;110;113;115;118;123;124;131;144;149;150
557,14:25:01,7.96,17,4;5;9;18;36;107;109;110;113;115;118;123;124;131;144;149;150
558,14:25:01,8.89,17,4;5;9;18;36;107;109;110;113;115;118;123;124;131;144;149;150
559,14:25:01,6.56,17,4;5;9;18;36;107;109;110;113;115;118;123;124;131;144;149;150
560,14:25:01,7.65,17,4;5;9;18;36;107;109;110;113;115;118;123;124;131;144;149;150
561,14:25:01,8.07,16,4;5;9;18;36;107;109;110;113;115;118;123;124;131;144;149
562,14:25:01,9.15,16,4;5;9;18;36;107;109;110;113;115;118;123;124;131;144;149
563,14:25:01,7.36,16,4;5;9;18;36;107;109;110;113;115;118;123;124;131;144;149
564,14:25:02,8.17,16,4;5;9;18;36;107;109;110;113;115;118;123;124;131;144;149
565,14:25:02,6.43,16,4;5;9;18;36;107;109;110;113;115;118;123;124;131;144;149
566,14:25:02,7.39,16,4;5;9;18;36;107;109;110;113;115;118;123;124;131;144;149
567,14:25:02,9.21,16,4;5;9;18;36;107;109;110;113;115;118;123;124;131;144;149
568,14:25:02,7.69,16,4;5;9;18;36;107;109;110;113;115;118;123;124;131;144;149
569,14:25:02,6.02,16,4;5;9;18;36;107;109;110;113;115;118;123;124;131;144;149
570,14:25:02,10.04,16,4;5;9;18;36;107;109;110;113;115;118;123;124;131;144;149
571,14:25:03,8.26,17,4;5;9;18;36;107;109;110;113;115;118;123;124;131;144;149;151
572,14:25:03,6.39,18,4;5;9;18;36;107;109;110;113;115;118;123;124;131;144;149;151;152
573,14:25:03,8.78,18,4;5;9;18;36;107;109;110;113;115;118;123;124;131;144;149;151;152
574,14:25:03,5.81,18,4;5;9;18;36;107;109;110;113;115;118;123;124;131;144;149;151;152
575,14:25:03,5.88,18,4;5;9;18;36;107;109;110;113;115;118;123;124;131;144;149;151;152
576,14:25:03,10.49,18,4;5;9;18;36;107;109;110;113;115;118;123;124;131;144;149;151;152
577,14:25:03,10.68,18,4;5;9;18;36;107;109;110;113;115;118;123;124;131;144;149;151;152
578,14:25:03,7.51,18,4;5;9;18;36;107;109;110;113;115;118;123;124;131;144;149;151;152
579,14:25:03,10.97,18,4;5;9;18;36;107;109;110;113;115;118;123;124;131;144;149;151;152
580,14:25:04,8.61,18,4;5;9;18;36;107;109;110;113;115;118;123;124;131;144;149;151;152
581,14:25:04,7.11,18,4;5;9;18;36;107;109;110;113;115;118;123;124;131;144;149;151;152
582,14:25:04,7.00,18,4;5;9;18;36;107;109;110;113;115;118;123;124;131;144;149;151;152
583,14:25:04,9.49,18,4;5;9;18;36;107;109;110;113;115;118;123;124;131;144;149;151;152
584,14:25:04,7.88,18,4;5;9;18;36;107;109;110;113;115;118;123;124;131;144;149;151;152
585,14:25:04,7.43,18,4;5;9;18;36;107;109;110;113;115;118;123;124;131;144;149;151;152
586,14:25:04,7.87,18,4;5;9;18;36;107;109;110;113;115;118;123;124;131;144;149;151;152
587,14:25:05,9.88,18,4;5;9;18;36;107;109;110;113;115;118;123;124;131;144;149;151;152
588,14:25:05,6.66,18,4;5;9;18;36;107;109;110;113;115;118;123;124;131;144;149;151;152
589,14:25:05,8.14,18,4;5;9;18;36;107;109;110;113;115;118;123;124;131;144;149;151;152
590,14:25:05,10.84,18,4;5;9;18;36;107;109;110;113;115;118;123;124;131;144;149;151;152
591,14:25:05,7.96,18,4;5;9;18;36;107;109;110;113;115;118;123;124;131;144;149;151;152
592,14:25:05,7.23,18,4;5;9;18;36;107;109;110;113;115;118;123;124;131;144;149;151;152
593,14:25:05,8.74,18,4;5;9;18;36;107;109;110;113;115;118;123;124;131;144;149;151;152
594,14:25:05,9.88,18,4;5;9;18;36;107;109;110;113;115;118;123;124;131;144;149;151;152
595,14:25:05,10.40,18,4;5;9;18;36;107;109;110;113;115;118;123;124;131;144;149;151;152
596,14:25:06,6.77,18,4;5;9;18;36;107;109;110;113;115;118;123;124;131;144;149;151;152
597,14:25:06,8.56,18,4;5;9;18;36;107;109;110;113;115;118;123;124;131;144;149;151;152
598,14:25:06,9.21,18,4;5;9;18;36;107;109;110;113;115;118;123;124;131;144;149;151;152
599,14:25:06,11.74,18,4;5;9;18;36;107;109;110;113;115;118;123;124;131;144;149;151;152
600,14:25:06,9.21,18,4;5;9;18;36;107;109;110;113;115;118;123;124;131;144;149;151;152
601,14:25:06,9.89,18,4;5;9;18;36;109;110;113;115;118;123;124;131;144;149;151;152;154
602,14:25:06,10.44,18,4;5;9;18;36;109;110;113;115;118;123;124;131;144;149;151;152;154
603,14:25:06,16.54,18,4;5;9;18;36;109;110;113;115;118;123;124;131;144;149;151;152;154
604,14:25:06,10.89,18,4;5;9;18;36;109;110;113;115;118;123;124;131;144;149;151;152;154
605,14:25:06,10.82,18,4;5;9;18;36;109;110;113;115;118;123;124;131;144;149;151;152;154
606,14:25:07,15.21,19,4;5;9;18;36;107;109;110;113;115;118;123;124;131;144;149;151;152;154
607,14:25:07,12.06,19,4;5;9;18;36;107;109;110;113;115;118;123;124;131;144;149;151;152;154
608,14:25:07,8.49,19,4;5;9;18;36;107;109;110;113;115;118;123;124;131;144;149;151;152;154
609,14:25:07,14.51,19,4;5;9;18;36;107;109;110;113;115;118;123;124;131;144;149;151;152;154
610,14:25:07,9.09,19,4;5;9;18;36;107;109;110;113;115;118;123;124;131;144;149;151;152;154
611,14:25:07,15.03,18,4;5;9;18;36;107;109;110;115;118;123;124;131;144;149;151;152;154
612,14:25:07,10.12,18,4;5;9;18;36;107;109;110;115;118;123;124;131;144;149;151;152;154
613,14:25:07,10.68,18,4;5;9;18;36;107;109;110;115;118;123;124;131;144;149;151;152;154
614,14:25:07,10.75,17,4;5;9;18;36;107;109;110;115;118;123;124;131;144;151;152;154
615,14:25:07,17.16,17,4;5;9;18;36;107;109;110;115;118;123;124;131;144;151;152;154
616,14:25:07,9.91,17,4;5;9;18;36;107;109;110;115;118;123;124;131;144;151;152;154
617,14:25:08,7.65,17,4;5;9;18;36;107;109;110;115;118;123;124;131;144;151;152;154
618,14:25:08,9.41,17,4;5;9;18;36;107;109;110;115;118;123;124;131;144;151;152;154
619,14:25:08,9.27,18,4;5;9;18;36;107;109;110;113;115;118;123;124;131;144;151;152;154
620,14:25:08,9.42,17,4;5;9;18;36;107;109;110;113;115;123;124;131;144;151;152;154
621,14:25:08,9.80,17,4;5;9;18;36;107;109;110;113;115;123;124;131;144;151;152;154
622,14:25:08,12.90,17,4;5;9;18;36;107;109;110;113;115;123;124;131;144;151;152;154
623,14:25:08,9.06,17,4;5;9;18;36;107;109;110;113;115;123;124;131;144;151;152;154
624,14:25:08,9.70,17,4;5;9;18;36;107;109;110;113;115;123;124;131;144;151;152;154
625,14:25:08,10.13,17,4;5;9;18;36;107;109;110;113;115;123;124;131;144;151;152;154
626,14:25:08,9.91,17,4;5;9;18;36;107;109;110;113;115;123;124;131;144;151;152;154
627,14:25:09,8.06,17,4;5;9;18;36;107;109;110;113;115;123;124;131;144;151;152;154
628,14:25:09,8.65,17,4;5;9;18;36;107;109;110;113;115;123;124;131;144;151;152;154
629,14:25:09,5.56,17,4;5;9;18;36;107;109;110;113;115;123;124;131;144;151;152;154
630,14:25:09,10.45,17,4;5;9;18;36;107;109;110;113;115;123;124;131;144;151;152;154
631,14:25:09,7.87,17,4;5;9;18;36;107;109;110;113;115;123;124;131;144;151;152;154
632,14:25:09,8.35,17,4;5;9;18;36;107;109;110;113;115;123;124;131;144;151;152;154
633,14:25:09,8.42,17,4;5;9;18;36;107;109;110;113;115;123;124;131;144;151;152;154
634,14:25:10,3.60,17,4;5;9;18;36;107;109;110;113;115;123;124;131;144;151;152;154
635,14:25:10,7.06,17,4;5;9;18;36;107;109;110;113;115;123;124;131;144;151;152;154
636,14:25:10,7.20,17,4;5;9;18;36;107;109;110;113;115;123;124;131;144;151;152;154
637,14:25:10,9.30,18,4;5;9;18;36;107;109;110;113;115;123;124;131;144;149;151;152;154
638,14:25:10,7.54,18,4;5;9;18;36;107;109;110;113;115;123;124;131;144;149;151;152;154
639,14:25:10,7.44,18,4;5;9;18;36;107;109;110;113;115;123;124;131;144;149;151;152;154
640,14:25:10,7.84,17,4;5;9;18;36;107;109;110;113;115;124;131;144;149;151;152;154
641,14:25:11,7.88,16,4;5;9;18;36;107;109;110;113;115;124;131;144;151;152;154
642,14:25:11,6.18,16,4;5;9;18;36;107;109;110;113;115;124;131;144;151;152;154
643,14:25:11,6.94,17,4;5;9;18;36;107;109;110;113;115;118;124;131;144;151;152;154
644,14:25:11,7.30,17,4;5;9;18;36;107;109;110;113;115;124;131;144;149;151;152;154
645,14:25:11,9.59,17,4;5;9;18;36;107;109;110;113;115;118;124;131;144;149;151;154
646,14:25:11,7.31,17,4;5;9;18;36;107;109;110;113;115;118;124;131;144;149;151;154
647,14:25:11,7.96,17,4;5;9;18;36;107;109;110;113;115;118;124;131;144;149;151;154
648,14:25:11,7.68,17,4;5;9;18;36;107;109;110;113;115;118;124;131;144;149;151;154
649,14:25:12,7.74,17,4;5;9;18;36;107;109;110;113;115;118;124;131;144;149;151;154
650,14:25:12,5.80,17,4;5;9;18;36;107;109;110;113;115;118;124;131;144;149;151;154
651,14:25:12,8.52,17,4;5;9;18;36;107;109;110;113;115;118;124;131;144;149;151;154
652,14:25:12,8.57,17,4;5;9;18;36;107;109;110;113;115;118;124;131;144;149;151;154
653,14:25:12,7.21,17,4;5;9;18;36;107;109;110;113;115;118;124;131;144;149;151;154
654,14:25:12,7.42,18,4;5;9;18;36;107;109;110;113;115;118;124;131;144;149;151;152;154
655,14:25:12,7.52,18,4;5;9;18;36;107;109;110;113;115;118;124;131;144;149;151;152;154
656,14:25:13,7.87,18,4;5;9;18;36;107;109;110;113;115;118;124;131;144;149;151;152;154
657,14:25:13,6.84,17,4;5;9;18;36;107;109;110;113;115;118;124;131;144;151;152;154
658,14:25:13,7.63,17,4;5;9;18;36;107;109;110;113;115;118;124;131;144;151;152;154
659,14:25:13,6.91,18,4;5;9;18;36;107;109;110;113;115;118;123;124;131;144;151;152;154
660,14:25:13,9.07,18,4;5;9;18;36;107;109;110;113;115;118;123;124;131;144;149;152;154
661,14:25:13,9.19,18,4;5;9;18;36;107;109;110;113;115;118;123;124;131;144;149;152;154
662,14:25:13,7.15,18,4;5;9;18;36;107;109;110;113;115;118;123;124;131;144;149;152;154
663,14:25:13,7.43,18,4;5;9;18;36;107;109;110;113;115;118;123;124;131;144;149;152;154
664,14:25:14,7.09,18,4;5;9;18;36;107;109;110;113;115;118;123;124;131;144;149;152;154
665,14:25:14,7.07,18,4;5;9;18;36;107;109;110;113;115;118;123;124;131;144;149;154;158
666,14:25:14,5.94,18,4;5;9;18;36;107;109;110;113;115;118;123;124;131;144;152;154;158
667,14:25:14,6.72,17,4;5;9;18;36;109;110;113;115;118;123;124;131;144;152;154;158
668,14:25:14,7.26,17,4;5;9;18;36;109;110;113;115;118;123;124;131;144;152;154;158
669,14:25:14,7.18,17,4;5;9;18;36;109;110;113;115;118;123;124;131;144;152;154;158
670,14:25:14,9.78,17,4;5;9;18;36;109;110;113;115;118;123;124;131;144;152;154;158
671,14:25:15,10.00,17,4;5;9;18;36;109;110;113;115;118;123;124;131;144;152;154;158
672,14:25:15,7.77,17,4;5;9;18;36;109;110;113;115;118;123;124;131;144;152;154;158
673,14:25:15,6.27,17,4;5;9;18;36;109;110;113;115;118;123;124;131;144;152;154;158
674,14:25:15,7.04,17,4;5;9;18;36;109;110;113;115;118;123;124;131;144;152;154;158
675,14:25:15,9.27,17,4;5;9;18;36;109;110;113;115;118;124;131;144;151;152;154;158
676,14:25:15,6.97,18,4;5;9;18;36;109;110;113;115;118;124;131;144;151;152;154;158;160
677,14:25:15,7.43,18,4;5;9;18;36;109;110;113;115;118;124;131;144;151;152;154;158;160
678,14:25:15,8.50,19,4;5;9;18;36;109;110;113;115;118;124;131;144;149;151;152;154;158;160
679,14:25:16,9.43,18,4;5;9;18;36;109;110;113;115;118;124;131;144;151;152;154;158;160
680,14:25:16,5.04,17,4;5;9;18;36;109;110;113;115;118;124;131;144;152;154;158;160
681,14:25:16,8.81,17,4;5;9;18;36;109;110;113;115;118;124;131;144;152;154;158;160
682,14:25:16,7.27,17,4;5;9;18;36;109;110;113;115;118;124;131;144;152;154;158;160
683,14:25:16,7.01,17,4;5;9;18;36;109;110;113;115;118;124;131;144;152;154;158;160
684,14:25:16,7.40,17,4;5;9;18;36;109;110;113;115;118;124;131;144;152;154;158;160
685,14:25:16,7.97,17,4;5;9;18;36;109;110;113;115;118;124;131;144;152;154;158;160
686,14:25:17,8.64,17,4;5;9;18;36;109;110;113;115;118;124;131;144;152;154;158;160
687,14:25:17,7.11,17,4;5;9;18;36;109;110;113;115;118;124;131;144;152;154;158;160
688,14:25:17,6.63,17,4;5;9;18;36;109;110;113;115;118;124;131;144;152;154;158;160
689,14:25:17,8.51,17,4;5;9;18;36;109;110;113;115;118;124;131;144;152;154;158;160
690,14:25:17,3.44,17,4;5;9;18;36;109;110;113;115;118;124;131;144;152;154;158;160
691,14:25:17,8.16,17,4;5;9;18;36;109;110;113;115;118;124;131;144;152;154;158;160
692,14:25:18,6.48,17,4;5;9;18;36;109;110;113;115;118;124;131;144;152;154;158;160
693,14:25:18,9.98,17,4;5;9;18;36;109;110;113;115;118;124;131;144;152;154;158;160
694,14:25:18,7.51,18,4;5;9;18;36;109;110;113;115;118;124;131;144;151;152;154;158;160
695,14:25:18,9.98,18,4;5;9;18;36;109;110;113;115;118;124;131;144;151;152;154;158;160
696,14:25:18,8.51,18,4;5;9;18;36;109;110;113;115;118;124;131;144;151;152;154;158;160
697,14:25:18,7.44,19,4;5;9;18;36;109;110;113;115;118;123;124;131;144;151;152;154;158;160
698,14:25:18,7.96,19,4;5;9;18;36;109;110;113;115;118;123;124;131;144;151;152;154;158;160
699,14:25:18,8.44,19,4;5;9;18;36;109;110;113;115;118;123;124;131;144;151;152;154;158;160
700,14:25:18,7.16,18,4;5;9;18;36;109;110;113;115;118;123;124;131;144;152;154;158;160
701,14:25:19,9.61,18,4;5;9;18;36;109;110;113;115;118;123;124;131;144;152;154;158;160
702,14:25:19,8.25,19,4;5;9;18;36;109;110;113;115;118;123;124;131;144;149;152;154;158;160
703,14:25:19,9.84,19,4;5;9;18;36;109;110;113;115;118;123;124;131;144;149;152;154;158;160
704,14:25:19,8.29,19,4;5;9;18;36;109;110;113;115;118;123;124;131;144;149;152;154;158;160
705,14:25:19,10.36,19,4;5;9;18;36;109;110;113;115;118;123;124;131;144;149;152;154;158;160
706,14:25:19,6.67,20,4;5;9;18;36;109;110;113;115;118;123;124;131;144;149;151;152;154;158;160
707,14:25:19,8.92,20,4;5;9;18;36;109;110;113;115;118;123;124;131;144;149;151;152;154;158;160
708,14:25:19,8.62,19,4;5;9;18;36;109;110;113;115;118;123;124;131;144;149;152;154;158;160
709,14:25:20,8.29,19,4;5;9;18;36;109;110;113;115;118;123;124;131;144;149;152;154;158;160
710,14:25:20,8.12,19,4;5;9;18;36;109;110;113;115;118;123;124;131;144;149;152;154;158;160
711,14:25:20,9.32,19,4;5;9;18;36;109;110;113;115;118;123;124;131;144;149;152;154;158;160
712,14:25:20,10.23,19,4;5;9;18;36;109;110;113;115;118;123;124;131;144;149;152;154;158;160
713,14:25:20,10.48,19,4;5;9;18;36;109;110;113;115;118;123;124;131;144;149;152;154;158;160
714,14:25:20,8.01,19,4;5;9;18;36;109;110;113;115;118;123;124;131;144;149;152;154;158;160
715,14:25:20,13.33,19,4;5;9;18;36;109;110;113;115;118;123;124;131;144;149;152;154;158;160
716,14:25:20,10.77,19,4;5;9;18;36;109;110;113;115;118;123;124;131;144;149;152;154;158;160
717,14:25:20,14.07,19,4;5;9;18;36;109;110;113;115;118;123;124;131;144;149;152;154;158;160
718,14:25:20,14.33,19,4;5;9;18;36;109;110;113;115;118;123;124;131;144;149;152;154;158;160
719,14:25:20,10.51,19,4;5;9;18;36;109;110;113;115;118;123;124;131;144;149;152;154;158;160
720,14:25:21,10.53,18,4;5;9;18;36;109;110;113;115;118;123;124;131;144;152;154;158;160
721,14:25:21,16.16,18,4;5;9;18;36;109;110;113;115;118;123;124;131;144;152;154;158;160
722,14:25:21,15.61,17,4;5;9;18;36;109;110;113;115;118;124;131;144;152;154;158;160
723,14:25:21,11.34,17,4;5;9;18;36;109;110;113;115;118;124;131;144;152;154;158;160
724,14:25:21,11.65,17,4;5;9;18;36;109;110;113;115;118;124;131;144;152;154;158;160
725,14:25:21,9.33,17,4;5;9;18;36;109;110;113;115;118;124;131;144;152;154;158;160
726,14:25:21,10.44,16,4;5;9;18;36;109;110;113;115;118;124;131;144;152;154;158
727,14:25:21,10.65,16,4;5;9;18;36;109;110;113;115;118;124;131;144;152;154;158
728,14:25:21,10.63,16,4;5;9;18;36;109;110;113;115;118;124;131;144;152;154;158
729,14:25:21,11.04,16,4;5;9;18;36;109;110;113;115;118;124;131;144;152;154;158
730,14:25:21,12.11,16,4;5;9;18;36;109;110;113;115;118;124;131;144;152;154;158
731,14:25:21,18.07,16,4;5;9;18;36;109;110;113;115;118;124;131;144;152;154;158
732,14:25:22,16.91,16,4;5;9;18;36;109;110;113;115;118;124;131;144;152;154;158
733,14:25:22,10.91,16,4;5;9;18;36;109;110;113;115;118;124;131;144;152;154;158
734,14:25:22,10.19,16,4;5;9;18;36;109;110;113;115;118;124;131;144;152;154;158
735,14:25:22,13.61,16,4;5;9;18;36;109;110;113;115;118;124;131;144;152;154;158
736,14:25:22,15.08,16,4;5;9;18;36;109;110;113;115;118;124;131;144;152;154;158
737,14:25:22,10.26,16,4;5;9;18;36;109;110;113;115;118;124;131;144;152;154;158
738,14:25:22,14.55,16,4;5;9;18;36;109;110;113;115;118;124;131;144;152;154;158
739,14:25:22,14.83,16,4;5;9;18;36;109;110;113;115;118;124;131;144;152;154;158
740,14:25:22,15.09,16,4;5;9;18;36;109;110;113;115;118;124;131;144;152;154;158
741,14:25:22,12.20,16,4;5;9;18;36;109;110;113;115;118;124;131;144;152;154;158
742,14:25:22,9.77,16,4;5;9;18;36;109;110;113;115;118;124;131;144;152;154;158
743,14:25:22,18.22,16,4;5;9;18;36;109;110;113;115;118;124;131;144;152;154;158
744,14:25:23,7.61,16,4;5;9;18;36;109;110;113;115;118;124;131;144;152;154;158
745,14:25:23,8.42,16,4;5;9;18;36;109;110;113;115;118;124;131;144;152;154;158
746,14:25:23,14.12,16,4;5;9;18;36;109;110;113;115;118;124;131;144;152;154;158
747,14:25:23,9.36,16,4;5;9;18;36;109;110;113;115;118;124;131;144;152;154;158
748,14:25:23,15.18,16,4;5;9;18;36;109;110;113;115;118;124;131;144;152;154;158
749,14:25:23,10.11,16,4;5;9;18;36;109;110;113;115;118;124;131;144;152;154;158
750,14:25:23,10.63,16,4;5;9;18;36;109;110;113;115;118;124;131;144;152;154;158
751,14:25:23,16.02,16,4;5;9;18;36;109;110;113;115;118;124;131;144;152;154;158
752,14:25:23,14.39,16,4;5;9;18;36;109;110;113;115;118;124;131;144;152;154;158
753,14:25:23,10.05,16,4;5;9;18;36;109;110;113;115;118;124;131;144;152;154;158
754,14:25:23,17.66,16,4;5;9;18;36;109;110;113;115;118;124;131;144;152;154;158
755,14:25:23,10.46,16,4;5;9;18;36;109;110;113;115;118;124;131;144;152;154;158
756,14:25:24,9.94,16,4;5;9;18;36;109;110;113;115;118;124;131;144;152;154;158
757,14:25:24,8.48,16,4;5;9;18;36;109;110;113;115;118;124;131;144;152;154;158
758,14:25:24,4.16,16,4;5;9;18;36;109;110;113;115;118;124;131;144;152;154;158
759,14:25:24,10.48,17,4;5;9;18;36;109;110;113;115;118;124;131;144;152;154;158;162
760,14:25:24,11.35,17,4;5;9;18;36;109;110;113;115;118;124;131;144;152;154;158;162
761,14:25:24,9.50,17,4;5;9;18;36;109;110;113;115;118;124;131;144;152;154;158;162
762,14:25:24,9.64,17,4;5;9;18;36;109;110;113;115;118;124;131;144;152;154;158;162
763,14:25:24,11.69,17,4;5;9;18;36;109;110;113;115;118;124;131;144;152;154;158;162
764,14:25:25,11.15,17,4;5;9;18;36;109;110;113;115;118;124;131;144;152;154;158;162
765,14:25:25,7.87,16,4;5;9;18;36;109;110;113;115;118;124;131;144;154;158;162
766,14:25:25,9.29,16,4;5;9;18;36;109;110;113;115;118;124;131;144;154;158;162
767,14:25:25,8.18,17,4;5;9;18;36;109;110;113;115;118;124;131;144;154;158;162;163
768,14:25:25,10.73,17,4;5;9;18;36;109;110;113;115;118;124;131;144;154;158;162;163
769,14:25:25,8.10,17,4;5;9;18;36;109;110;113;115;118;124;131;144;154;158;162;163
770,14:25:25,9.22,17,4;5;9;18;36;109;110;113;115;118;124;131;144;154;158;162;163
771,14:25:25,9.05,17,4;5;9;18;36;109;110;113;115;118;124;131;144;154;158;162;163
772,14:25:25,8.98,17,4;5;9;18;36;109;110;113;115;118;124;131;144;154;158;162;163
773,14:25:26,9.79,17,4;5;9;18;36;109;110;113;115;118;124;131;144;154;158;162;163
774,14:25:26,11.35,17,4;5;9;18;36;109;110;113;115;118;124;131;144;154;158;162;163
775,14:25:26,4.43,17,4;5;9;18;36;109;110;113;115;118;124;131;144;154;158;162;163
776,14:25:26,8.96,17,4;5;9;18;36;109;110;113;115;118;124;131;144;154;158;162;163
777,14:25:26,8.11,18,4;5;9;18;36;109;110;113;115;118;124;131;144;152;154;158;162;163
778,14:25:26,8.44,17,4;5;9;18;36;109;110;113;115;118;124;131;144;154;158;162;163
779,14:25:26,8.72,17,4;5;9;18;36;109;110;113;115;118;124;131;144;154;158;162;163
780,14:25:26,7.99,17,4;5;9;18;36;109;110;113;115;118;124;131;144;154;158;162;163
781,14:25:27,7.46,18,4;5;9;18;36;109;110;113;115;118;124;131;144;152;154;158;162;163
782,14:25:27,7.93,18,4;5;9;18;36;109;110;113;115;118;124;131;144;152;154;158;162;163
783,14:25:27,7.01,18,4;5;9;18;36;109;110;113;115;118;124;131;144;152;154;158;162;163
784,14:25:27,9.71,18,4;5;9;18;36;109;110;113;115;118;124;131;144;152;154;158;162;163
785,14:25:27,8.00,18,4;5;9;18;36;109;110;113;115;118;124;131;144;152;154;158;162;163
786,14:25:27,8.58,18,4;5;9;18;36;109;110;113;115;118;124;131;144;152;154;158;162;163
787,14:25:27,11.71,18,4;5;9;18;36;109;110;113;115;118;124;131;144;152;154;158;162;163
788,14:25:27,9.59,18,4;5;9;18;36;109;110;113;115;118;124;131;144;152;154;158;162;163
789,14:25:27,8.22,18,4;5;9;18;36;109;110;113;115;118;124;131;144;152;154;158;162;163
790,14:25:28,8.06,18,4;5;9;18;36;109;110;113;115;118;124;131;144;152;154;158;162;163
791,14:25:28,8.67,18,4;5;9;18;36;109;110;113;115;118;124;131;144;152;154;158;162;163
792,14:25:28,8.91,18,4;5;9;18;36;109;110;113;115;118;124;131;144;152;154;158;162;163
793,14:25:28,8.88,17,4;5;9;18;36;109;110;113;115;118;124;131;144;152;154;158;163
794,14:25:28,9.40,17,4;5;9;18;36;109;110;113;115;118;124;131;144;152;154;158;163
795,14:25:28,10.02,17,4;5;9;18;36;109;110;113;115;118;124;131;144;152;154;158;163
796,14:25:28,6.99,18,4;5;9;18;36;109;110;113;115;118;124;131;144;152;154;158;163;164
797,14:25:28,7.65,18,4;5;9;18;36;109;110;113;115;118;124;131;144;152;154;158;163;164
798,14:25:29,9.40,18,4;5;9;18;36;109;110;113;115;118;124;131;144;152;154;158;163;164
799,14:25:29,12.58,18,4;5;9;18;36;109;110;113;115;118;124;131;144;152;154;158;163;164
800,14:25:29,10.73,18,4;5;9;18;36;109;110;113;115;118;124;131;144;152;154;158;163;164
801,14:25:29,8.71,18,4;5;9;18;36;109;110;113;115;118;124;131;144;152;154;158;163;164
802,14:25:29,6.83,17,4;5;9;18;36;109;110;113;115;118;124;131;144;154;158;163;164
803,14:25:29,7.88,17,4;5;9;18;36;109;110;113;115;118;124;131;144;154;158;163;164
804,14:25:29,8.92,17,4;5;9;18;36;109;110;113;115;118;124;131;144;154;158;163;164
805,14:25:29,10.65,17,4;5;9;18;36;109;110;113;115;118;124;131;144;154;158;163;164
806,14:25:29,10.68,17,4;5;9;18;36;109;110;113;115;118;124;131;144;154;158;163;164
